"id","journal","publication_date","author","author_affiliate","author_notes","competing_interest"
"10.1371/journal.pone.0008937","plos one","2010-01-28T00:00:00Z","Timothy O Abuya; Greg Fegan; Abdinasir A Amin; Willis S Akhwale; Abdisalan M Noor; Robert W Snow; Vicki Marsh","Centre for Geographic Medicine Research, Kenya Medical Research Institute, Kilifi, Kenya; Department of Epidemiology and Population Health, London School of Hygiene and Tropical Medicine, London, United Kingdom; Malaria Control and Child Survival Department, Population Services International, Nairobi, Kenya; Division of Vector-Borne Diseases, Ministry of Health, Nairobi, Kenya; Kenya Medical Research Institute, University of Oxford, Nairobi, Kenya; Centre for Clinical Vaccinology and Tropical Medicine, University of Oxford, Headington, Oxford, United Kingdom","Conceived and designed the experiments: TOA GF AAA AMN RWS VM. Performed the experiments: TOA. Analyzed the data: TOA. Contributed reagents/materials/analysis tools: TOA. Wrote the paper: TOA GF AAA AMN RWS VM. Responsible for study design, statistical support, and revising the manuscript for intellectual content: GF AAA. Involved in the study design and revising the manuscript for intellectual content: AAA. Provided information on policy discussions around the retail sector strategy on improving access to antimalarial medicines, and revised the manuscript: WSA. Substantially involved in the study design and revising the manuscript for intellectual content: AMN RWS.","The authors have declared that no competing interests exist."
"10.1371/journal.pone.0008936","plos one","2010-01-28T00:00:00Z","Stefanie Obermüller; Federico Calegari; Angus King; Anders Lindqvist; Ingmar Lundquist; Albert Salehi; Maura Francolini; Patrizia Rosa; Patrik Rorsman; Wieland B Huttner; Sebastian Barg","Department of Clinical Sciences-Malmö, Lund University, Malmö, Sweden; Max Planck Institute of Molecular Cell Biology and Genetics, Dresden, Germany; CNR Institute of Neuroscience, Department of Medical Pharmacology, University of Milan, Milan, Italy; Department of Neurobiology, University of Heidelberg, Heidelberg, Germany; Oxford Centre for Diabetes, Endocrinology and Metabolism (OCDEM), University of Oxford, Churchill Hospital, Oxford, United Kingdom; Department of Medical Cell Biology, Uppsala University, Uppsala, Sweden","Conceived and designed the experiments: SO FC AK PR WH SB. Performed the experiments: SO FC AK ABL IL AS MF SB. Analyzed the data: SO FC AK ABL SB. Contributed reagents/materials/analysis tools: FC PR. Wrote the paper: AK SB.","The authors have declared that no competing interests exist."
"10.1371/journal.pone.0008935","plos one","2010-01-28T00:00:00Z","Elsa Jourdain; Gunnar Gunnarsson; John Wahlgren; Neus Latorre-Margalef; Caroline Bröjer; Sofie Sahlin; Lovisa Svensson; Jonas Waldenström; Åke Lundkvist; Björn Olsen","Section for Zoonotic Ecology and Epidemiology, School of Natural Sciences, Linnaeus University, Kalmar, Sweden; INRA, UR 346, Saint Genès Champanelle, France; Aquatic Biology and Chemistry Group, Kristianstad University, Kristianstad, Sweden; Karolinska Institutet, Microbiology & Tumor Biology Center (MTC), Stockholm, Sweden; Swedish Institute for Infectious Disease Control, Stockholm, Sweden; National Veterinary Institute, Uppsala, Sweden; The Department of Biomedical Sciences and Veterinary Public Health, University of Agricultural Sciences (SLU), Uppsala, Sweden; Section of Infectious Diseases, Department of Medical Sciences, University of Uppsala, Uppsala, Sweden","Conceived and designed the experiments: EJ GG JW AL BO. Performed the experiments: EJ GG JW NLM CB SS LS. Analyzed the data: EJ GG JW NLM CB LS JW. Contributed reagents/materials/analysis tools: EJ GG SS AL BO. Wrote the paper: EJ GG JW NLM CB SS LS JW AL BO.","The authors have declared that no competing interests exist."
"10.1371/journal.pone.0008934","plos one","2010-01-28T00:00:00Z","Ralph Pethica; Gary Barker; Tim Kovacs; Julian Gough","Computer Science Department, University of Bristol, Bristol, United Kingdom; School of Biological Sciences, University of Bristol, Bristol, United Kingdom","Conceived and designed the experiments: RP GB JG. Performed the experiments: RP. Contributed reagents/materials/analysis tools: GB TK JG. Wrote the paper: RP.","The authors have declared that no competing interests exist."
"10.1371/journal.pone.0008933","plos one","2010-01-28T00:00:00Z","Joseph J Sacco; Joanne Botten; Fergus Macbeth; Adrian Bagust; Peter Clark","Department of Medical Oncology, Clatterbridge Centre for Oncology, Merseyside, United Kingdom; Department of Clinical Oncology, Velindre Cancer Centre, Cardiff, United Kingdom; Liverpool Reviews and Implementation Group, University of Liverpool, Liverpool, United Kingdom","Conceived and designed the experiments: JJS JB FM PC. Performed the experiments: JJS JB. Analyzed the data: JJS JB FM AB PC. Contributed reagents/materials/analysis tools: AB. Wrote the paper: JJS JB FM AB PC.","The authors have declared that no competing interests exist."
"10.1371/journal.pone.0008932","plos one","2010-01-28T00:00:00Z","Jacob Nabe-Nielsen; Richard M Sibly; Mads C Forchhammer; Valery E Forbes; Christopher J Topping","Department of Arctic Environment, National Environmental Research Institute, University of Aarhus, Roskilde, Denmark; Centre for Integrated Population Ecology (CIPE), Department of Environmental, Social and Spatial Change, Roskilde University, Roskilde, Denmark; School of Animal and Microbial Sciences, University of Reading, Reading, United Kingdom; Department of Environmental, Social and Spatial Change, Roskilde University, Roskilde, Denmark; Department of Wildlife Ecology & Biodiversity, National Environmental Research Institute, University of Aarhus, Rønde, Denmark","Conceived and designed the experiments: JN-N RMS VEF CJT. Performed the experiments: JN-N CJT. Analyzed the data: JN-N RMS. Wrote the paper: JN-N RMS MCF.","The authors have declared that no competing interests exist."
"10.1371/journal.pone.0008931","plos one","2010-01-27T00:00:00Z","Kelly Lei; Bruce S Cushing; Sergei Musatov; Sonoko Ogawa; Kristin M Kramer","Department of Biology, University of Memphis, Memphis, Tennessee, United States of America; Department of Biology and Integrated Bioscience Program, The University of Akron, Akron, Ohio, United States of America; Neurologix Inc, Laboratory of Neurobiology and Behavior, The Rockefeller University, New York, New York, United States of America; Kansei, Behavioral and Brain Sciences Graduate School of Comprehensive Human Sciences, University of Tsukuba, Tsukuba, Ibaraki, Japan","Conceived and designed the experiments: BC. Performed the experiments: KL. Analyzed the data: KL KK. Contributed reagents/materials/analysis tools: SM SO. Wrote the paper: KL BC KK.","The authors have declared that no competing interests exist."
"10.1371/journal.pone.0008930","plos one","2010-01-28T00:00:00Z","Brett G Zani; Laura Indolfi; Elazer R Edelman","Harvard-MIT Division of Health Sciences and Technology, Massachusetts Institute of Technology, Cambridge, Massachusetts, United States of America; Interdisciplinary Research Center on Biomaterials (CRIB) - Italian Institute of Technology, University of Naples Federico II, Naples, Italy; Cardiovascular Division, Brigham and Women's Hospital, Harvard Medical School, Boston, Massachusetts, United States of America","Conceived and designed the experiments: BZ. Performed the experiments: BZ LI. Analyzed the data: BZ LI ERE. Wrote the paper: BZ ERE.","The authors have declared that no competing interests exist."
"10.1371/journal.pone.0008929","plos one","2010-01-28T00:00:00Z","Ricardo C Gehrau; Diego S D'Astolfo; Catherine I Dumur; José L Bocco; Nicolás P Koritschoner","Centro de Investigaciones en Bioquímica Clínica e Inmunología (CIBICI-CONICET), Departamento de Bioquímica Clínica, Facultad de Ciencias Químicas, Universidad Nacional de Córdoba, Córdoba, Argentina; Centro de Investigaciones en Química Biológica de Córdoba (CIQUIBIC-CONICET), Facultad de Ciencias Químicas, Universidad Nacional de Córdoba, Córdoba, Argentina; Department of Pathology, Virginia Commonwealth University, Richmond, Virginia, United States of America","Conceived and designed the experiments: RCG DSD NPK. Performed the experiments: RCG. Analyzed the data: RCG DSD JLB. Contributed reagents/materials/analysis tools: CID JLB NPK. Wrote the paper: RCG JLB NPK.","The authors have declared that no competing interests exist."
"10.1371/journal.pone.0008928","plos one","2010-01-28T00:00:00Z","Christoph C H Langer; Radoslaw K Ejsmont; Cornelia Schönbauer; Frank Schnorrer; Pavel Tomancak","Max-Planck-Institute of Biochemistry, Martinsried, Germany; Max-Planck-Institute of Molecular Cell Biology and Genetics, Dresden, Germany","Conceived and designed the experiments: FS PT. Performed the experiments: CCHL RE CS. Analyzed the data: CCHL RE CS FS PT. Contributed reagents/materials/analysis tools: FS PT. Wrote the paper: FS PT.","The authors have declared that no competing interests exist."
"10.1371/journal.pone.0008927","plos one","2010-01-28T00:00:00Z","Francesco Caruso; James W Darnowski; Cristian Opazo; Alexander Goldberg; Nina Kishore; Elin S Agoston; Miriam Rossi","Istituto di Chimica Biomolecolare, Consiglio Nazionale delle Ricerche, Rome, Italy; Department of Medicine, Division of Hematology/Oncology, Rhode Island Hospital and Brown University, Providence, Rhode Island, United States of America; Academic Computing Services, Vassar College, Poughkeepsie, New York, United States of America; Accelrys, Inc., San Diego, United States of America; Department of Chemistry, Vassar College, Poughkeepsie, New York, United States of America","Conceived and designed the experiments: FC. Performed the experiments: FC ESA MR. Analyzed the data: FC CO AG NK. Contributed reagents/materials/analysis tools: JWD ESA. Wrote the paper: FC MR.","Accelrys, Inc. provided software support under the service contract to Vassar College and in no way contributed financially to this study. The authors declare that no competing interests exist."
"10.1371/journal.pone.0008926","plos one","2010-01-28T00:00:00Z","Sinead C Leahy; William J Kelly; Eric Altermann; Ron S Ronimus; Carl J Yeoman; Diana M Pacheco; Dong Li; Zhanhao Kong; Sharla McTavish; Carrie Sang; Suzanne C Lambie; Peter H Janssen; Debjit Dey; Graeme T Attwood","Rumen Microbial Genomics, Food Metabolism and Microbiology Section, Food and Textiles Group, AgResearch Limited, Grasslands Research Centre, Palmerston North, New Zealand","Conceived and designed the experiments: WJK GTA. Performed the experiments: SCL WJK EA RSR CJY DMP DL ZK SM CS SCL PHJ DD GTA. Analyzed the data: SCL WJK EA RSR CJY PHJ GTA. Wrote the paper: SCL WJK EA RSR PHJ GTA.","All authors are current or past employees of AgResearch Limited (www.agresearch.co.nz), a New Zealand Crown Research Institute. Several aspects of the M1 genome have been patented by the PGgRc (WO09041832A2, WO09041831A1, WO09041830A2, 230163USPR). Patent ownership has been transferred from the inventors (authors) to the applicant (PGgRc) therefore the authors have no competing interests."
"10.1371/journal.pone.0008925","plos one","2010-01-27T00:00:00Z","Flaviano S Martins; Guillaume Dalmasso; Rosa M E Arantes; Anne Doye; Emmanuel Lemichez; Patricia Lagadec; Veronique Imbert; Jean-François Peyron; Patrick Rampal; Jacques R Nicoli; Dorota Czerucka","Team 4: Inflammation, Cancer, Cancer Stem Cells, Unité INSERM U895, C3M: Centre Méditerranéen de Médecine Moléculaire, Nice, France; Team 6: Toxines microbiennes dans la relation hôte-pathogènes, Unité INSERM U895, C3M: Centre Méditerranéen de Médecine Moléculaire, Nice, France; Université de Nice-Sophia Antipolis, UFR Médecine, IFR50, Faculté de Médecine, Nice, France; Service de Pédiatrie, Centre Hospitalier Universitaire de Nice, Hôpital de l'Archet, Nice, France, Centre Hospitalier Universitaire de Nice, Hôpital de l'Archet, Nice, France; Service d'Hématologie Clinique, Centre Hospitalier Universitaire de Nice, Hôpital de l'Archet, Nice, France; Service de Bactériologie, Centre Hospitalier Universitaire de Nice, Hôpital de l'Archet, Nice, France; Centre Hospitalier Princesse Grace, Service d'Hépato-Gastro-Entérologie, Monaco, Monaco; Departamento de Microbiologia, Instituto de Ciências Biológicas, Universidade Federal de Minas Gerais, Belo Horizonte, Minas Gerais, Brazil; Departamento de Patologia Geral, Instituto de Ciências Biológicas, Universidade Federal de Minas Gerais, Belo Horizonte, Minas Gerais, Brazil; Departamento de Pediatria, Faculdade de Medicina, Universidade Federal de Minas Gerais, Belo Horizonte, Minas Gerais, Brazil","Conceived and designed the experiments: JFP PR JN DC. Performed the experiments: FSM GD RMEA PL DC. Analyzed the data: FSM RMEA AD EL VI. Contributed reagents/materials/analysis tools: AD EL VI. Wrote the paper: FSM EL VI JFP DC.","D. Czerucka has acted as a consultant or scientific advisor to the company interested in developing therapeutic interventions for intestinal infections and inflammatory disorders; this company is: BIOCODEX S.A. (Gentilly, France). She has a financial competing interest including salaries and travel grant. The content of this article was neither influenced nor constrained by this fact. P. Rampal acts as an expert for Biocodex with non financial competing interest. The content of this article was neither influenced nor constrained by this fact. There are not relevant patents or products in development or marketed product related to this research. It does not alter these authors' adherence to all the PLoS ONE policies on sharing data and materials."
"10.1371/journal.pone.0008924","plos one","2010-01-27T00:00:00Z","Lina Guerra; Ami Albihn; Susanna Tronnersjö; Qinzi Yan; Riccardo Guidi; Bo Stenerlöw; Torsten Sterzenbach; Christine Josenhans; James G Fox; David B Schauer; Monica Thelestam; Lars-Gunnar Larsson; Marie Henriksson; Teresa Frisan","Departments of Cell and Molecular Biology, Karolinska Institutet, Stockholm, Sweden; Departments of Microbiology, Tumor and Cell Biology, Karolinska Institutet, Stockholm, Sweden; Division of Biomedical Radiation Sciences, Rudbeck Laboratory, Uppsala University, Uppsala, Sweden; Institute for Medical Microbiology and Hospital Epidemiology, Hannover Medical School, Hannover, Germany; Department of Biological Engineering, Division of Comparative Medicine, Massachusetts Institute of Technology, Cambridge, Massachusetts, United States of America; Department of Plant Biology and Forest Genetics, Swedish University of Agricultural Sciences, Uppsala, Sweden","Conceived and designed the experiments: LG TF. Performed the experiments: LG AA ST QY RG TF. Analyzed the data: LG AA RG MT LGL TF. Contributed reagents/materials/analysis tools: AA ST BS TS CJ JF DBS LGL MH. Wrote the paper: LG TF.","The authors have declared that no competing interests exist."
"10.1371/journal.pone.0008923","plos one","2010-01-27T00:00:00Z","Stephan M Funk; John E Fa","Durrell Wildlife Conservation Trust, Les Augrès Manor, Trinity, Jersey","Conceived and designed the experiments: SMF JEF. Analyzed the data: SMF. Wrote the paper: SMF JEF.","The authors have declared that no competing interests exist."
"10.1371/journal.pone.0008922","plos one","2010-01-27T00:00:00Z","Zhuoshun Yang; Biao Zhang; Dapeng Li; Meng Lv; Chunmei Huang; Guan-Xin Shen; Bo Huang","Department of Biochemistry & Molecular Biology, Tongji Medical College, Huazhong University of Science & Technology, Wuhan, The People's Republic of China; Department of Immunology, Tongji Medical College, Huazhong University of Science & Technology, Wuhan, The People's Republic of China","Conceived and designed the experiments: BH. Performed the experiments: ZY BZ DL ML CH BH. Analyzed the data: GXS BH. Contributed reagents/materials/analysis tools: GXS BH. Wrote the paper: BH.","The authors have declared that no competing interests exist."
"10.1371/journal.pone.0008921","plos one","2010-01-28T00:00:00Z","Isabelle Mouro-Chanteloup; Sylvie Cochet; Mohamed Chami; Sandrine Genetet; Nedjma Zidi-Yahiaoui; Andreas Engel; Yves Colin; Olivier Bertrand; Pierre Ripoche","INSERM UMR_S 665, Paris, France; Université Paris Diderot-Paris 7, Paris, France; Institut National de la Transfusion Sanguine, Paris, France; C-CINA, Center for Imaging and Nanoanalytics, E. Müller Institute for Structural Biology, Biozentrum, University of Basel Mattenstrasse 26, Basel, Switzerland","Conceived and designed the experiments: IMC PR. Performed the experiments: IMC SC MC SG NZY PR. Analyzed the data: IMC MC PR. Contributed reagents/materials/analysis tools: IMC SC AE YC OB PR. Wrote the paper: IMC PR. Contributed to improve the final version of the paper: AE YC OB.","The authors have declared that no competing interests exist."
"10.1371/journal.pone.0008920","plos one","2010-01-27T00:00:00Z","Jie Dong; Yaping Gao; Yu Liu; Jinxia Shi; Jiannan Feng; Zhanguo Li; Heping Pan; Yanning Xue; Chuan Liu; Beifen Shen; Ningsheng Shao; Guang Yang","Beijing Institute of Basic Medical Sciences, Beijing, China; Department of Rheumatology and Immunology, People's Hospital, Peking University, Beijing, China","Conceived and designed the experiments: JF ZL BS NS GY. Performed the experiments: JD YG YL JS GY. Analyzed the data: YX CL GY. Contributed reagents/materials/analysis tools: HP. Wrote the paper: GY.","The authors have declared that no competing interests exist."
"10.1371/journal.pone.0008919","plos one","2010-01-27T00:00:00Z","Martin Peifer; Jonathan Weiss; Martin L Sos; Mirjam Koker; Stefanie Heynck; Christian Netzer; Stefanie Fischer; Haridas Rode; Daniel Rauh; Jörg Rahnenführer; Roman K Thomas","Max Planck Institute for Neurological Research with Klaus-Joachim-Zülch Laboratories of the Max Planck Society and the Medical Faculty of the University of Köln, Max Planck Society, Köln, Germany; Department of Statistics, Technical University of Dortmund, Dortmund, Germany; Department I of Internal Medicine and Center of Integrated Oncology Köln – Bonn, University of Köln, Köln, Germany; Chemical Genomics Center of the Max Planck Society, Max Planck Society, Dortmund, Germany","Conceived and designed the experiments: MP JW MLS RKT. Performed the experiments: JW MLS MK SH SF. Analyzed the data: MP CN JR RKT. Contributed reagents/materials/analysis tools: CN HR DR JR. Wrote the paper: MP JW MLS RKT.","Roman K. Thomas has received research support from AstraZeneca and Novartis and honorarium from Böhringer-Ingelhein."
"10.1371/journal.pone.0008918","plos one","2010-02-12T00:00:00Z","Ethan Cerami; Emek Demir; Nikolaus Schultz; Barry S Taylor; Chris Sander","Computational Biology Center, Memorial Sloan-Kettering Cancer Center, New York, New York, United States of America; Tri-Institutional Training Program in Computational Biology and Medicine, New York, New York, United States of America","Wrote the paper: EC ED NS BST CS. Developed the algorithms, performed the network analysis, created the software, and wrote the paper: EC. Created the BioPAX-to-binary interaction mapper: ED. Evaluated the GBM network modules and compared the automated results to the original manual TCGA pathway analysis: NS. Performed and evaluated the copy number analyses: BT. Conceived and guided the project: CS.","The authors have declared that no competing interests exist."
"10.1371/journal.pone.0008917","plos one","2010-01-27T00:00:00Z","Huaiyu Yang; Martin Bogner; York-Dieter Stierhof; Uwe Ludewig","Plant Biomass and Nutrition, Institute of Botany, Darmstadt University of Technology, Darmstadt, Germany; Plant Physiology, Center for Molecular Biology of Plants (ZMBP), University of Tübingen, Tübingen, Germany; Microscopy Unit, Center for Molecular Biology of Plants (ZMBP), University of Tübingen, Tübingen, Germany","Conceived and designed the experiments: HY UL. Performed the experiments: HY MB YDS UL. Analyzed the data: HY MB UL. Wrote the paper: HY UL.","The authors have declared that no competing interests exist."
"10.1371/journal.pone.0008916","plos one","2010-01-27T00:00:00Z","Justyna Leja; Berith Nilsson; Di Yu; Elisabet Gustafson; Göran Åkerström; Kjell Öberg; Valeria Giandomenico; Magnus Essand","Division of Clinical Immunology, Rudbeck Laboratory, Uppsala University, Uppsala, Sweden; Department of Women's and Children's Health, University Hospital, Uppsala, Sweden; Department of Surgical Sciences, University Hospital, Uppsala, Sweden; Department of Medical Sciences, University Hospital, Uppsala, Sweden","Conceived and designed the experiments: JL ME. Performed the experiments: JL BN DY. Analyzed the data: JL KÖ VG. Contributed reagents/materials/analysis tools: EG GÅ. Wrote the paper: JL ME.","The authors have declared that no competing interests exist."
"10.1371/journal.pone.0008915","plos one","2010-01-27T00:00:00Z","Mark P Little; Wolfgang F Heidenreich; Guangquan Li","Department of Epidemiology and Public Health, Imperial College Faculty of Medicine, London, United Kingdom; Institut für Strahlenschutz, Helmholtz Zentrum München, German Research Center for Environmental Health, Ingolstädter Landstrasse, Neuherberg, Germany","Conceived and designed the experiments: MPL WFH. Performed the experiments: MPL GL. Analyzed the data: MPL GL. Wrote the paper: MPL WFH GL.","The authors have declared that no competing interests exist."
"10.1371/journal.pone.0008914","plos one","2010-01-27T00:00:00Z","Michael J Boivin; Paul Bangirana; Rebecca C Smith","International Psychiatric and Epidemiologic Program, Michigan State University, East Lansing, Michigan, United States of America; Neuropsychology Section, Department of Psychiatry, University of Michigan, Ann Arbor, Michigan, United States of America; Department of Psychiatry, Makerere University School of Medicine, Kampala, Uganda; Graduate Psychology Program, Chestnut Hills Professional School of Psychology, Philadelphia, Pennsylvania, United States of America","Conceived and designed the experiments: MJB. Performed the experiments: MJB PB. Analyzed the data: MJB RCS. Wrote the paper: MJB PB RCS.","The authors have declared that no competing interests exist."
"10.1371/journal.pone.0008913","plos one","2010-01-27T00:00:00Z","Xuemin Guo; Nancy Lewis Ernst; Jason Carnes; Kenneth D Stuart","Seattle Biomedical Research Institute, Seattle, Washington, United States of America","Conceived and designed the experiments: XG NLE. Performed the experiments: XG. Analyzed the data: XG NLE JC KDS. Wrote the paper: XG KDS.","The authors have declared that no competing interests exist."
"10.1371/journal.pone.0008912","plos one","2010-01-27T00:00:00Z","Christina L Hutson; Jason A Abel; Darin S Carroll; Victoria A Olson; Zachary H Braden; Christine M Hughes; Michael Dillon; Consuelo Hopkins; Kevin L Karem; Inger K Damon; Jorge E Osorio","Centers for Disease Control and Prevention, Atlanta, Georgia, United States of America; Department of Pathobiological Sciences, School of Veterinary Medicine, University of Wisconsin, Madison, Wisconsin, United States of America","Conceived and designed the experiments: CH KLK IKD JEO. Performed the experiments: CH JAA DSC VAO ZHB MD CH. Analyzed the data: CH CMH. Wrote the paper: CH DSC VAO IKD JEO.","The authors have declared that no competing interests exist."
"10.1371/journal.pone.0008911","plos one","2010-01-27T00:00:00Z","Emma Perez-Costas; Johanna C Gandy; Miguel Melendez-Ferro; Rosalinda C Roberts; Gautam N Bijur","Department of Psychiatry and Behavioral Neurobiology, University of Alabama at Birmingham, Birmingham, Alabama, United States of America","Conceived and designed the experiments: GB. Performed the experiments: EPC JCG MMF. Analyzed the data: EPC JCG MMF RCR GB. Contributed reagents/materials/analysis tools: RCR GB. Wrote the paper: EPC JCG RCR GB.","The authors have declared that no competing interests exist."
"10.1371/journal.pone.0008910","plos one","2010-01-27T00:00:00Z","Celina Montemayor; Oscar A Montemayor; Alex Ridgeway; Feng Lin; David A Wheeler; Scott D Pletcher; Fred A Pereira","Department of Molecular and Cellular Biology, Baylor College of Medicine, Houston, Texas, United States of America; Hufftington Center on Aging, Baylor College of Medicine, Houston, Texas, United States of America; Bobby R. Alford Department of Otolaringology – Head and Neck Surgery, Baylor College of Medicine, Houston, Texas, United States of America; Program in Cell and Molecular Biology, Baylor College of Medicine, Houston, Texas, United States of America; Department of Human and Molecular Genetics, Baylor College of Medicine, Houston, Texas, United States of America; Human Genome Center, Baylor College of Medicine, Houston, Texas, United States of America; Department of Bioengineering, Rice University, Houston, Texas, United States of America","Conceived and designed the experiments: CM DAW SDP FAP. Performed the experiments: CM OAM AR FL SDP FAP. Analyzed the data: CM. Contributed reagents/materials/analysis tools: OAM SDP FAP. Wrote the paper: CM FAP.","The authors have declared that no competing interests exist."
"10.1371/journal.pone.0008909","plos one","2010-01-27T00:00:00Z","Viviana Cremasco; Elisa Benasciutti; Marina Cella; Marina Kisseleva; Monica Croke; Roberta Faccio","Department of Orthopaedics, Washington University School of Medicine, St. Louis, Missouri, United States of America; Department of Human Anatomy and Histology, University of Bari, Bari, Italy; Department of Molecular Genetics, S. Raffaele Scientific Institute, Milano, Italy; Department of Pathology and Immunology, Washington University School of Medicine, St. Louis, Missouri, United States of America; Department of Internal Medicine, Washington University School of Medicine, St. Louis, Missouri, United States of America","Conceived and designed the experiments: VC RF. Performed the experiments: VC EB MC MK RF. Analyzed the data: VC RF. Contributed reagents/materials/analysis tools: VC MC RF. Wrote the paper: VC RF.","The authors have declared that no competing interests exist."
"10.1371/journal.pone.0008908","plos one","2010-01-26T00:00:00Z","Aarthy C Vallur; Nancy Maizels","Department of Immunology, University of Washington School of Medicine, Seattle, Washington, United States of America; Department of Biochemistry, University of Washington School of Medicine, Seattle, Washington, United States of America","Conceived and designed the experiments: AV NM. Performed the experiments: AV. Analyzed the data: AV NM. Contributed reagents/materials/analysis tools: AV NM. Wrote the paper: AV NM.","The authors have declared that no competing interests exist."
"10.1371/journal.pone.0008907","plos one","2010-01-26T00:00:00Z","Jameal F Samhouri; Phillip S Levin; Cameron H Ainsworth","Pacific States Marine Fisheries Commission, Portland, Oregon, United States of America; National Oceanic and Atmospheric Administration, National Marine Fisheries Service, Northwest Fisheries Science Center, Seattle, Washington, United States of America; Marine Resources Assessment Group Americas Inc., St. Petersburg, Florida, United States of America","Conceived and designed the experiments: JFS PSL CHA. Performed the experiments: JFS. Analyzed the data: JFS. Contributed reagents/materials/analysis tools: JFS CHA. Wrote the paper: JFS PSL.","The authors are employed by the US government as scientists in the National Oceanic and Atmospheric Administration, either directly or via contracts through Pacific States Marine Fisheries Commission and MRAG Americas Inc. The only support the authors received to conduct this research was salary support. This support did not alter the author's adherence to all the PLoS ONE policies on sharing data and materials, as detailed in the guide for authors. The funders played no role in the research other than the role played by the authors. The funders were in no way involved in the study design; collection, analysis and interpretation of data; writing of the paper; and/or decision to submit for publication, other than decisions made by the authors. There are no financial or non-financial competing interests."
"10.1371/journal.pone.0008906","plos one","2010-02-01T00:00:00Z","Karan Mangla; David L Dill; Mark A Horowitz","Department of Computer Science, Stanford University, Stanford, California, United States of America; Department of Electrical Engineering, Stanford University, Stanford, California, United States of America","Conceived and designed the experiments: KM DLD MAH. Performed the experiments: KM. Analyzed the data: KM. Wrote the paper: KM DLD MAH.","The authors have declared that no competing interests exist."
"10.1371/journal.pone.0008905","plos one","2010-01-26T00:00:00Z","Hui Yang; Chao Liu; Yongwang Zhong; Shouqing Luo; Mervyn J Monteiro; Shengyun Fang","Center for Biomedical Engineering and Technology, University of Maryland, Baltimore, Maryland, United States of America; Department of Medical Genetics, Cambridge Institute for Medical Research, Cambridge, United Kingdom","Conceived and designed the experiments: HY SF. Performed the experiments: HY CL YZ. Analyzed the data: HY SL MJM SF. Contributed reagents/materials/analysis tools: SL. Wrote the paper: HY SF.","The authors have declared that no competing interests exist."
"10.1371/journal.pone.0008904","plos one","2010-01-26T00:00:00Z","Stuart Meier; Oziniel Ruzvidzo; Monique Morse; Lara Donaldson; Lusisizwe Kwezi; Chris Gehring","Computational Bioscience Research Centre, King Abdullah University of Science and Technology, Thuwal, Kingdom of Saudi Arabia; Department of Biotechnology, University of the Western Cape, Bellville, South Africa","Conceived and designed the experiments: CG. Performed the experiments: SM OR MM LD LK. Analyzed the data: SM OR LD LK. Contributed reagents/materials/analysis tools: MM. Wrote the paper: SM LD CG.","The authors have declared that no competing interests exist."
"10.1371/journal.pone.0008903","plos one","2010-01-26T00:00:00Z","Qiang Zhang; Suvobrata Chakravarty; Dario Ghersi; Lei Zeng; Alexander N Plotnikov; Roberto Sanchez; Ming-Ming Zhou","Department of Structural and Chemical Biology, Mount Sinai School of Medicine, New York, New York, United States of America","Conceived and designed the experiments: RS MMZ. Performed the experiments: QZ SC DG LZ ANP. Analyzed the data: QZ SC DG LZ ANP RS MMZ. Wrote the paper: QZ SC RS MMZ.","The authors have declared that no competing interests exist."
"10.1371/journal.pone.0008902","plos one","2010-01-26T00:00:00Z","Catherine Hyams; Jerry C H Tam; Jeremy S Brown; Stephen B Gordon","Pulmonary Immunology, Liverpool School of Tropical Medicine, Liverpool, United Kingdom; Centre for Respiratory Research, Department of Medicine, University College Medical School, Rayne Institute, London, United Kingdom","Conceived and designed the experiments: CH JSB SG. Performed the experiments: CH JCHT. Analyzed the data: CH JCHT JSB SG. Contributed reagents/materials/analysis tools: JSB SG. Wrote the paper: CH JCHT JSB SG.","CH is indirectly supported by Glaxo Smith Kline through the University College London MB PhD programme. This does not alter adherence to all the PLoS ONE policies on sharing data and materials."
"10.1371/journal.pone.0008901","plos one","2010-01-27T00:00:00Z","Christophe Boesch; Camille Bolé; Nadin Eckhardt; Hedwige Boesch","Department of Primatology, Max Planck Institute for Evolutionary Anthropology, Leipzig, Germany; Centre Suisse de Recherche Scientifique, Abidjan, Côte d'Ivoire","Conceived and designed the experiments: CB HB. Performed the experiments: CB CB NE HB. Analyzed the data: CB NE. Wrote the paper: CB.","The authors have declared that no competing interests exist."
"10.1371/journal.pone.0008900","plos one","2010-01-26T00:00:00Z","Ting Guo; Lin-Chen Gong; Sen-Fang Sui","State Key Laboratory of Biomembrane and Membrane Biotechnology, Center for Structural Biology, School of Life Sciences, Tsinghua University, Beijing, China; Department of Physics and Center for Advanced Study, Tsinghua University, Beijing, China","Conceived and designed the experiments: TG LCG SFS. Performed the experiments: TG LCG. Analyzed the data: TG LCG SFS. Wrote the paper: TG SFS.","The authors have declared that no competing interests exist."
"10.1371/journal.pone.0008899","plos one","2010-01-26T00:00:00Z","Renee M Laird; Sandra M Hayes","Department of Microbiology and Immunology, SUNY Upstate Medical University, Syracuse, New York, United States of America","Conceived and designed the experiments: RML SMH. Performed the experiments: RML SMH. Analyzed the data: RML SMH. Wrote the paper: RML SMH.","The authors have declared that no competing interests exist."
"10.1371/journal.pone.0008898","plos one","2010-02-01T00:00:00Z","Juan Nunez-Iglesias; Chun-Chi Liu; Todd E Morgan; Caleb E Finch; Xianghong Jasmine Zhou","Molecular and Computational Biology, University of Southern California, Los Angeles, California, United States of America; Davis School of Gerontology, University of Southern California, Los Angeles, California, United States of America","Conceived and designed the experiments: JNI TEM CEF XJZ. Performed the experiments: TEM CEF. Analyzed the data: JNI CCL XJZ. Wrote the paper: JNI. Helped with the writing: CEF XJZ.","The authors have declared that no competing interests exist."
"10.1371/journal.pone.0008897","plos one","2010-02-02T00:00:00Z","Asako Shindo; Yusuke Hara; Takamasa S Yamamoto; Masamichi Ohkura; Junichi Nakai; Naoto Ueno","Department of Developmental Biology, National Institute for Basic Biology, Okazaki, Aichi, Japan; Saitama University Brain Science Institute, Saitama, Saitama, Japan; Department of Basic Biology, School of Life Science, The Graduate University of Advanced Studies (SOKENDAI), Okazaki, Aichi, Japan","Conceived and designed the experiments: AS NU. Performed the experiments: AS YH TSY. Analyzed the data: AS. Contributed reagents/materials/analysis tools: AS MO JN. Wrote the paper: AS NU.","The authors have declared that no competing interests exist."
"10.1371/journal.pone.0008896","plos one","2010-01-26T00:00:00Z","Antoine Bénard; Patrick Mercié; Ahmadou Alioum; Fabrice Bonnet; Estibaliz Lazaro; Michel Dupon; Didier Neau; François Dabis; Geneviève Chêne; the Groupe d'Epidémiologie Clinique du Sida en Aquitaine (GECSA)","INSERM, U897, CIC-EC7, Bordeaux, France; Université Victor Segalen Bordeaux 2, ISPED, Bordeaux, France; CHU de Bordeaux, COREVIH Aquitaine, Bordeaux, France","Conceived and designed the experiments: AB PM FB GC. Performed the experiments: AB. Analyzed the data: AB AA. Contributed reagents/materials/analysis tools: AB PM AA FB EL MD DN FD GC. Wrote the paper: AB PM FB EL MD DN FD GC.","The authors have declared that no competing interests exist."
"10.1371/journal.pone.0008895","plos one","2010-01-27T00:00:00Z","Brice X Semmens; Peter J Auster; Michelle J Paddack","Northwest Fisheries Science Center, Seattle, Washington, United States of America; Department of Marine Sciences and National Undersea Research Center, University of Connecticut, Groton, Connecticut, United States of America; Department of Biology, Santa Barbara City College, Santa Barbara, California, United States of America","Conceived and designed the experiments: BXS PJA. Analyzed the data: BXS. Wrote the paper: BXS PJA MJP.","The authors have declared that no competing interests exist."
"10.1371/journal.pone.0008894","plos one","2010-01-26T00:00:00Z","Elaine T Long; Stephanie Baker; Vanessa Oliveira; Birgit Sawitzki; Kathryn J Wood","Transplant Research Immunology Group, Nuffield Department of Surgery, University of Oxford, John Radcliffe Hospital, Oxford, United Kingdom","Conceived and designed the experiments: ETL VO BS KJW. Performed the experiments: ETL SB. Analyzed the data: ETL. Wrote the paper: ETL. Final approval of the version to be published: ETL KJW. Revised article critically for important intellectual content: BS KJW.","The authors have declared that no competing interests exist."
"10.1371/journal.pone.0008893","plos one","2010-01-26T00:00:00Z","Valerie Ugo; Sylvie Tondeur; Marie-Laurence Menot; Nadine Bonnin; Gerald Le Gac; Carole Tonetti; Veronique Mansat-De Mas; Lydie Lecucq; Jean-Jacques Kiladjian; Christine Chomienne; Christine Dosquet; Nathalie Parquet; Luc Darnige; Marc Porneuf; Martine Escoffre-Barbe; Stephane Giraudier; Eric Delabesse; Bruno Cassinat; for the French Intergroup of Myeloproliferative disorders (FIM)","CHU BREST, Laboratoire d'Hematologie, Brest, France; CHU Montpellier, Laboratoire d'Hématologie, Hôpital Saint-Eloi, Montpellier, France; AP-HP, Unite de Biologie Cellulaire, Hopital Saint-Louis, Paris, France; INSERM U613, Brest, France; AP-HP, Laboratoire d'Hematologie, Hopital Henri Mondor, Creteil, France; CHU Toulouse, Laboratoire d'Hematologie, Hôpital Purpan, Toulouse, France; AP-HP, Hematology Department, Hopital Avicenne, Bobigny, France; AP-HP, Unite de Thérapie Cellulaire, Hopital Saint-Louis, Paris, France; AP-HP, Laboratoire d'Hematologie, Hopital Europeen G. Pompidou, Paris, France; CH Le Foll, Service d'Hématologie, Saint Brieuc, France; CHU Rennes, Service d'Hematologie, Hopital Pontchaillou, Rennes, France; PV-Nord Group, Hopital Saint-Louis, Paris, France","Conceived and designed the experiments: VU ST VM-DM J-JK CC CD SG ED BC. Performed the experiments: MLM NB GLG CT VMDM LL. Analyzed the data: VU ST MLM NB GLG CT LL CD NP LD MP ED BC. Contributed reagents/materials/analysis tools: J-JK CC CD NP LD MP MEB ED. Wrote the paper: vu CC SG BC.","The authors have declared that no competing interests exist."
"10.1371/journal.pone.0008892","plos one","2010-01-26T00:00:00Z","Sean M Watts; Melissa M Uhl; Stephen P Maurano; Erin E Nuccio","Environmental Studies Institute, Santa Clara University, Santa Clara, California, United States of America; Department of Plant and Microbial Biology, University of California, Berkeley, California, United States of America","Conceived and designed the experiments: SMW MMU SMM EEN. Performed the experiments: SMW MMU SMM EEN. Analyzed the data: SMW. Wrote the paper: SMW. Contributed to drafting: MMU SMM EEN.","The authors have declared that no competing interests exist."
"10.1371/journal.pone.0008891","plos one","2010-01-26T00:00:00Z","Jianfang Hu; Qian Qi; Avery August","Center for Molecular Immunology and Infectious Disease, Department of Veterinary and Biomedical Sciences, The Pennsylvania State University, University Park, Pennsylvania, United States of America; Immunology and Infectious Disease Graduate Program, The Pennsylvania State University, University Park, Pennsylvania, United States of America","Conceived and designed the experiments: JH QQ AA. Performed the experiments: JH QQ. Analyzed the data: JH QQ AA. Wrote the paper: JH QQ AA.","The authors have declared that no competing interests exist."
"10.1371/journal.pone.0008890","plos one","2010-01-26T00:00:00Z","Chia-Chien Hsieh; Blanca Hernández-Ledesma; Hyun Jin Jeong; Jae Ho Park; Ben O de Lumen","Department of Nutritional Sciences and Toxicology, University of California, Berkeley, California, United States of America; Plant Resources and Environment, Andong National University, Andong, Korea","Conceived and designed the experiments: C-CH BH-L HJJ JHP BOdL. Performed the experiments: C-CH BH-L HJJ JHP. Analyzed the data: C-CH BH-L HJJ. Wrote the paper: C-CH BH-L BOdL.","BODL is cofounder of FilGen BioSciences, Inc,. which has exclusive license to commercialize lunasin technology covered by patents owned by University of California Berkeley. This does not alter the authors' adherence to all the PLoS ONE policies on sharing data and materials, as detailed online in the guide for authors (http://www.plosone.org/static/policies.action#sharing)."
"10.1371/journal.pone.0008889","plos one","2010-01-26T00:00:00Z","Stanislaw J Kaczmarczyk; Kalavathy Sitaraman; Thomas Hill; James L Hartley; Deb K Chatterjee","Protein Expression Laboratory, Advanced Technology Program, SAIC-Frederick, Inc., National Cancer Institute at Frederick, Frederick, Maryland, United States of America; Department of Microbiology and Immunology, School of Medicine and Health Sciences, University of North Dakota, Grand Forks, North Dakota, United States of America","Conceived and designed the experiments: SJK DKC. Performed the experiments: SJK KS TH. Analyzed the data: SJK TH JLH DKC. Contributed reagents/materials/analysis tools: KS TH JLH DKC. Wrote the paper: DKC.","The authors have declared that no competing interests exist."
"10.1371/journal.pone.0008888","plos one","2010-01-26T00:00:00Z","Yun Huang; William A Pastor; Yinghua Shen; Mamta Tahiliani; David R Liu; Anjana Rao","Department of Pathology, Harvard Medical School and Immune Disease Institute, Boston, Massachusetts, United States of America; Department of Chemistry and Chemical Biology and the Howard Hughes Medical Institute, Harvard University, Cambridge, Massachusetts, United States of America","Conceived and designed the experiments: YH WAP AR. Performed the experiments: YH WAP YS. Analyzed the data: YH WAP YS. Contributed reagents/materials/analysis tools: YH YS MT DRL. Wrote the paper: YH WAP YS MT DRL AR.","The authors declare that they have no competing financial interests, and that they will adhere to all PLoS ONE policies on sharing data and materials."
"10.1371/journal.pone.0008887","plos one","2010-01-26T00:00:00Z","Francine Einstein; Reid F Thompson; Tushar D Bhagat; Melissa J Fazzari; Amit Verma; Nir Barzilai; John M Greally","Department of Obstetrics, Gynecology and Women's Health, Albert Einstein College of Medicine, Bronx, New York, United States of America; Department of Genetics (Computational Genetics), Albert Einstein College of Medicine, Bronx, New York, United States of America; Department of Developmental and Molecular Biology, Albert Einstein College of Medicine, Bronx, New York, United States of America; Department of Epidemiology and Population Health, Albert Einstein College of Medicine, Bronx, New York, United States of America; Department of Medicine, and Center for Epigenomics, Albert Einstein College of Medicine, Bronx, New York, United States of America","Conceived and designed the experiments: FE NB JMG. Performed the experiments: RFT TDB. Analyzed the data: RFT MF JMG. Contributed reagents/materials/analysis tools: FE RFT TDB AV. Wrote the paper: FE RFT MF NB JMG.","The authors have declared that no competing interests exist."
"10.1371/journal.pone.0008886","plos one","2010-01-29T00:00:00Z","David M Naeger; Jeffrey N Martin; Elizabeth Sinclair; Peter W Hunt; David R Bangsberg; Frederick Hecht; Priscilla Hsue; Joseph M McCune; Steven G Deeks","Department of Medicine, University of California San Francisco, San Francisco, California, United States of America; Department of Epidemiology and Biostatistics, University of California San Francisco, San Francisco, California, United States of America; Massachusetts General Hospital, Harvard Medical School, Harvard Initiative for Global Health, Boston, Massachusetts, United States of America","Conceived and designed the experiments: DN JNM ES DRB FMH JMM SGD. Performed the experiments: DN ES DRB FMH PH SGD. Analyzed the data: DN JNM ES PWH SGD. Contributed reagents/materials/analysis tools: DN JNM ES DRB FMH PH JMM SGD. Wrote the paper: DN JNM PWH SGD.","The authors have declared that no competing interests exist."
"10.1371/journal.pone.0008885","plos one","2010-01-26T00:00:00Z","Aristeidis Parmakelis; Marina Moustaka; Nikolaos Poulakakis; Christos Louis; Michel A Slotman; Jonathon C Marshall; Parfait H Awono-Ambene; Christophe Antonio-Nkondjio; Frederic Simard; Adalgisa Caccone; Jeffrey R Powell","Department of Ecology and Taxonomy, Faculty of Biology, National and Kapodistrian University of Athens, Panepistimioupoli Zografou, Athens, Greece; Department of Biology, University of Crete, Heraklion, Crete, Greece; Department of Ecology and Evolutionary Biology, Yale University, New Haven, Connecticut, United States of America; Institute of Molecular Biology and Biotechnology, Foundation of Research and Technology Heraklion, Vassilika Vouton, Heraklion, Crete, Greece; Department of Entomology, Texas A&M University, College Station, Texas, United States of America; Department of Zoology, Weber State University, Ogden, Utah, United States of America; Organisation de Coordination pour la Lutte Contre les Endémies en Afrique Centrale (OCEAC), Yaoundé, Cameroon; Institut de Recherche pour le Développement (IRD), Bobo Dioulasso, Burkina Faso","Conceived and designed the experiments: AP AC JRP. Performed the experiments: AP MM NP. Analyzed the data: AP. Contributed reagents/materials/analysis tools: CL MAS JCM PHAA CAN FS. Wrote the paper: AP. Co-ordinated the project and helped draft the manuscript: AC, JRP.","The authors have declared that no competing interests exist."
"10.1371/journal.pone.0008884","plos one","2010-01-27T00:00:00Z","Abraham Peedicayil; Robert A Vierkant; Lynn C Hartmann; Brooke L Fridley; Zachary S Fredericksen; Kristin L White; Elaine A Elliott; Catherine M Phelan; Ya-Yu Tsai; Andrew Berchuck; Edwin S Iversen; Fergus J Couch; Prema Peethamabaran; Melissa C Larson; Kimberly R Kalli; Matthew L Kosel; Vijayalakshmi Shridhar; David N Rider; Mark Liebow; Julie M Cunningham; Joellen M Schildkraut; Thomas A Sellers; Ellen L Goode","Mayo Clinic College of Medicine, Rochester, Minnesota, United States of America; H. Lee Moffitt Cancer Research Institute, Tampa, Florida, United States of America; Duke University, Durham, North Carolina, United States of America","Analyzed the data: RAV BLF ZSF Y-YT MCL MLK DNR. Wrote the paper: AP ELG. Provided funding: ELG FJC TS. Assisted with recruitment of Mayo Clinic participants: LCH EAE KRK ML. Assisted with results interpretation: KLW CMP TAS. Oversaw Duke University study: AB JS. Recruited Duke University participants: ESI, Jr. Provided analytical advice: FJC. Assisted with gene selection: PP VS. Performed genotyping: JMC.","The authors have declared that no competing interests exist."
"10.1371/journal.pone.0008883","plos one","2010-01-27T00:00:00Z","Mirjam Metzner; Wolfgang Schuh; Edith Roth; Hans-Martin Jäck; Matthias Wabl","Nikolaus-Fiebiger Center, Department of Internal Medicine III, Division of Molecular Immunology, University of Erlangen-Nürnberg, Erlangen, Germany; Department of Microbiology and Immunology, University of California San Francisco, San Francisco, California, United States of America","Conceived and designed the experiments: MM H-MJ MW. Performed the experiments: MM. Analyzed the data: MM H-MJ MW. Contributed reagents/materials/analysis tools: WS ER. Wrote the paper: MM H-MJ MW.","The authors have declared that no competing interests exist."
"10.1371/journal.pone.0008882","plos one","2010-01-27T00:00:00Z","Silvia Cainarca; Simone Fenu; Cinzia Ferri; Cinzia Nucci; Patrizia Arioli; Andrea Menegon; Lorenzo Piemonti; Stefan Lohmer; Lawrence Wrabetz; Sabrina Corazza","Axxam SpA, Milan, Italy; Division of Genetics and Cell Biology, San Raffaele Scientific Institute, DIBIT, Milan, Italy; ALEMBIC (Advanced Light and Electron Microscopy Bio-Imaging Centre), San Raffaele Scientific Institute, Milan, Italy; San Raffaele Diabetes Research Institute (HSR-DRI), San Raffaele Scientific Institute, Milan, Italy","Conceived and designed the experiments: SC SF CN SL LW SC. Performed the experiments: SC SF CF CN PA AM LP. Analyzed the data: SC SF. Contributed reagents/materials/analysis tools: SC SF CF PA AM LP LW. Wrote the paper: SC LW SC.","The project was supported in part by Axxam SpA. In fact, six authors (SC, SF, CN, PA, SL, SC) were full-time employees of Axxam SpA during project conception and data generation and were involved in study design, data collection and analysis, preparation of the manuscript, and decision to publish. Stefan Lohmer also has a personal financial interest in the Axxam SpA company, as co-founder and shareholder. The following three patent applications (owned by Axxam SpA) are relevant to work described in the paper: 1. Luminescent stem cells and uses thereof. Applicant: Axxam SpA. Inventors: Silvia Cainarca, Cinzia Nucci, Sabrina Corazza, Stefan Lohmer. Publication number: EP06000452.0, WO2007080622. Publication date: 2007-07-19. 2. Luminescent transgenic non human animals, progeny, cell derivatives and uses thereof. Applicant: Axxam SpA. Inventors: Silvia Cainarca, Cinzia Nucci, Sabrina Corazza, Stefan Lohmer. Publication number: EP06000452.0, WO2007080621. Publication date: 2007-07-19. 3. Photoproteins with enhanced bioluminescence and assays using the same. Applicant: Axxam SpA. Inventors: Nadia Mastroianni, Silvia Cainarca, Sabrina Corazza. Publication number: WO2006094805. Publication date: 2006-09-14. Priority number(s): EP20050005390 20050311; EP20060000171 20060105. The authors confirm that these competing interests do not alter their adherence to all the PLoS ONE policies on sharing data and materials."
"10.1371/journal.pone.0008881","plos one","2010-01-25T00:00:00Z","Malathesha Ganachari; Jorge A Ruiz-Morales; Juan C Gomez de la Torre Pretell; Jeffrey Dinh; Julio Granados; Pedro O Flores-Villanueva","The Methodist Hospital Research Institute, The Methodist Hospital, Houston, Texas, United States of America; Non-Governmental Organization VIMASI, San Borja, Lima, Perú; Division of Immunogenetics, Department of Transplantation Immunology, Mexican National Institute of Medicine and Nutrition “Salvador Zubiran”, Mexico D.F., Mexico","Conceived and designed the experiments: MG JARM POFV. Performed the experiments: MG JARM JD POFV. Analyzed the data: MG JARM JCGdlTP JD JG POFV. Contributed reagents/materials/analysis tools: JCGdlTP JG POFV. Wrote the paper: POFV. Helped in designing protocols for the recruitment of TB cases and controls in Peru: JCGdlTP, JG.","The authors have declared that no competing interests exist."
"10.1371/journal.pone.0008880","plos one","2010-01-27T00:00:00Z","João Zilhão; Simon J M Davis; Cidália Duarte; António M M Soares; Peter Steier; Eva Wild","Department of Archaeology and Anthropology, University of Bristol, Bristol, United Kingdom; Instituto de Gestão do Património Arquitectónico e Arqueológico, Lisbon, Portugal; Instituto de Gestão do Património Arquitectónico e Arqueológico, Lisbon, Portugal; Instituto Tecnológico e Nuclear, Lisbon, Portugal; VERA Laboratory, Faculty of Physics, University of Vienna, Vienna, Austria; VERA Laboratory, Faculty of Physics, University of Vienna, Vienna, Austria","Conceived and designed the experiments: JZ. Performed the experiments: AMMS PS EMW. Analyzed the data: JZ SD CD AMMS PS EMW. Wrote the paper: JZ SD CD AMMS PS EMW.","The authors have declared that no competing interests exist."
"10.1371/journal.pone.0008879","plos one","2010-01-26T00:00:00Z","Hassan Ashktorab; Alejandro A Schäffer; Mohammad Daremipouran; Duane T Smoot; Edward Lee; Hassan Brim","Department of Medicine and Cancer Center, Howard University, College of Medicine, Washington, DC, United States of America; National Center for Biotechnology Information, National Institutes of Health (NIH), Department of Health and Human Services (DHHS), Bethesda, Maryland, United States of America; Department of Pathology, Howard University, College of Medicine, Washington, DC, United States of America","Performed the experiments: MD HB. Analyzed the data: AAS. Contributed reagents/materials/analysis tools: DTS ELL. Wrote the paper: HA.","The authors have declared that no competing interests exist."
"10.1371/journal.pone.0008878","plos one","2010-01-26T00:00:00Z","Charles G Willis; Brad R Ruhfel; Richard B Primack; Abraham J Miller-Rushing; Jonathan B Losos; Charles C Davis","Department of Organismic and Evolutionary Biology, Harvard University Herbaria, Cambridge, Massachusetts, United States of America; Department of Biology, Duke University, Durham, North Carolina, United States of America; Department of Biology, Boston University, Boston, Massachusetts, United States of America; USA National Phenology Network, Tucson, Arizona, United States of America; The Wildlife Society, Bethesda, Maryland, United States of America; Department of Organismic and Evolutionary Biology, Museum of Comparative Zoology, Cambridge, Massachusetts, United States of America","Conceived and designed the experiments: CGW CD. Performed the experiments: CGW BRR RP AJMR JBL CD. Analyzed the data: CGW. Contributed reagents/materials/analysis tools: CD. Wrote the paper: CGW CD. Helped to revise the manuscript: RP AJMR JBL.","The authors have declared that no competing interests exist."
"10.1371/journal.pone.0008877","plos one","2010-01-26T00:00:00Z","Benjamin Groves; Hilde Abrahamsen; Heather Clingan; Michael Frantz; Lauren Mavor; Jeffrey Bailey; Dzwokai Ma","Department of Molecular, Cellular, and Developmental Biology, University of California Santa Barbara, Santa Barbara, California, United States of America; Neuroscience Research Institute, University of California Santa Barbara, Santa Barbara, California, United States of America; Department of Biochemistry, Institute for Cancer Research, The Norwegian Radium Hospital, Oslo University Hospital, Montebello, Oslo, Norway; Centre for Cancer Biomedicine, Faculty of Medicine, University of Oslo, Montebello, Oslo, Norway","Conceived and designed the experiments: BBG HA DM. Performed the experiments: BBG HA HC MF LM JB. Analyzed the data: BBG HA DM. Wrote the paper: BBG DM.","The authors have declared that no competing interests exist."
"10.1371/journal.pone.0008876","plos one","2010-01-26T00:00:00Z","Klaus Becker; Gerhard Schneider; Matthias Eder; Andreas Ranft; Eberhard F Kochs; Walter Zieglgänsberger; Hans-Ulrich Dodt","Bioelectronics, Vienna University of Technology, Vienna, Austria; Department of Anaesthesiology, Klinikum rechts der Isar, Technische Universität München, Munich, Germany; Neuronal Network Dynamics, Max Planck Institute of Psychiatry, München, Germany","Conceived and designed the experiments: GS. Performed the experiments: GS. Analyzed the data: KB ME. Contributed reagents/materials/analysis tools: GS AR EK WZ H-UD. Wrote the paper: KB GS ME.","The authors have declared that no competing interests exist."
"10.1371/journal.pone.0008875","plos one","2010-01-25T00:00:00Z","John A Craft; Jack A Gilbert; Ben Temperton; Kate E Dempsey; Kevin Ashelford; Bela Tiwari; Tom H Hutchinson; J Kevin Chipman","Biological and Biomedical Sciences, Glasgow Caledonian University, Glasgow, United Kingdom; Plymouth Marine Laboratory, The University of Liverpool, Liverpool, United Kingdom; School of Biological Sciences, The University of Liverpool, Liverpool, United Kingdom; Natural Environment Research Council Environmental Bioinformatics Centre, Centre for Ecology and Hydrology, Wallingford, United Kingdom; School of Biological Sciences, University of Birmingham, Birmingham, United Kingdom","Conceived and designed the experiments: JAC JKC. Performed the experiments: KED. Analyzed the data: JAC JAG BT KA BT TH JKC. Wrote the paper: JAC JAG BT JKC.","The authors have declared that no competing interests exist."
"10.1371/journal.pone.0008874","plos one","2010-01-25T00:00:00Z","Andrew Steptoe; Mark Hamer; Katie O'Donnell; Shreenidhi Venuraju; Michael G Marmot; Avijit Lahiri","Department of Epidemiology and Public Health, University College London, London, United Kingdom; Cardiac Imaging and Research Centre, Wellington Hospital, London, United Kingdom","Conceived and designed the experiments: AS MGM AL. Performed the experiments: AS MH KO SV. Analyzed the data: AS MH KO SV. Wrote the paper: AS MGM AL.","The authors have declared that no competing interests exist."
"10.1371/journal.pone.0008873","plos one","2010-01-25T00:00:00Z","Ugra Mohan Jha; Srinath Satyanarayana; Puneet K Dewan; Sarabjit Chadha; Fraser Wares; Suvanand Sahu; Devesh Gupta; L S Chauhan","Central Tuberculosis Division, Directorate General of Health Services, Ministry of Health and Family Welfare, Government of India, New Delhi, India; Centre for Operational Research, International Union Against Tuberculosis and Lung Diseases (The Union), New Delhi, India; Office of the WHO Representative to India, New Delhi, India","Conceived and designed the experiments: UMJ SS PKD SSC FW SS LSC. Performed the experiments: UMJ SS PKD SSC FW SS DG LSC. Analyzed the data: UMJ SS PKD SSC FW SS DG LSC. Contributed reagents/materials/analysis tools: UMJ SS PKD SSC FW SS DG LSC. Wrote the paper: UMJ SS PKD SSC FW SS DG LSC.","The authors have declared that no competing interests exist."
"10.1371/journal.pone.0008872","plos one","2010-01-25T00:00:00Z","Pilar Gonzalez-Cabo; Sheila Ros; Francesc Palau","Laboratory of Genetics and Molecular Medicine, Instituto de Biomedicina de Valencia, CSIC, Valencia, Spain; CIBER de Enfermedades Raras (CIBERER), Valencia, Spain","Conceived and designed the experiments: PG-C FP. Performed the experiments: PG-C SR. Analyzed the data: PG-C SR FP. Contributed reagents/materials/analysis tools: PG-C SR. Wrote the paper: PG-C FP.","The authors have declared that no competing interests exist."
"10.1371/journal.pone.0008871","plos one","2010-01-25T00:00:00Z","Joost le Feber; Jan Stegenga; Wim L C Rutten","MIRA: Institute for Biomedical Engineering, Department of Electrical Engineering, Mathematics, and Computer Science, University of Twente, Enschede, The Netherlands","Conceived and designed the experiments: JlF WLCR. Performed the experiments: JlF JS. Analyzed the data: JlF. Contributed reagents/materials/analysis tools: JlF JS WLCR. Wrote the paper: JlF JS WLCR.","The authors have declared that no competing interests exist."
"10.1371/journal.pone.0008870","plos one","2010-01-25T00:00:00Z","Tomoji Mashimo; Akiko Takizawa; Birger Voigt; Kazuto Yoshimi; Hiroshi Hiai; Takashi Kuramoto; Tadao Serikawa","Institute of Laboratory Animals, Graduate School of Medicine, Kyoto University, Kyoto, Japan; Shiga Medical Center for Adult Disease, Moriyama, Japan","Conceived and designed the experiments: TM BV TS. Performed the experiments: TM AT KY HH TK. Analyzed the data: TM. Wrote the paper: TM.","The authors have declared that no competing interests exist."
"10.1371/journal.pone.0008869","plos one","2010-01-25T00:00:00Z","Nagore Puente; Izaskun Elezgarai; Mathieu Lafourcade; Leire Reguero; Giovanni Marsicano; François Georges; Olivier J Manzoni; Pedro Grandes","Department of Neurosciences, Faculty of Medicine and Dentistry, Basque Country University, Bilbao, Spain; INSERM U862 Equipe “Physiopathologie de la Transmission et de la Plasticité Synaptique”, Bordeaux, France; “Endocannabinoids and Neuroadaptation”, INSERM U862 NeuroCentre Magendie, Université Bordeaux 2, Bordeaux, France","Conceived and designed the experiments: NP FG OJM PG. Performed the experiments: NP IE ML LR PG. Analyzed the data: NP IE ML LR PG. Contributed reagents/materials/analysis tools: GM OJM PG. Wrote the paper: NP OJM PG.","The authors have declared that no competing interests exist."
"10.1371/journal.pone.0008868","plos one","2010-01-25T00:00:00Z","Syed-Wajahat Hassan; Karen M Doody; Serge Hardy; Noriko Uetani; Denis Cournoyer; Michel L Tremblay","Rosalind and Morris Goodman Cancer Centre, McGill University, Montreal, Canada; Department of Medicine, Division of Experimental Medicine, McGill University, Montreal, Canada; Department of Biochemistry, McGill University, Montreal, Canada; Department of Oncology, McGill University, Montreal, Canada","Conceived and designed the experiments: SWH DC MLT. Performed the experiments: SWH KMD SH. Analyzed the data: SWH KMD SH NU DC MLT. Contributed reagents/materials/analysis tools: NU DC MLT. Wrote the paper: SWH DC MLT.","The authors have declared that no competing interests exist."
"10.1371/journal.pone.0008867","plos one","2010-01-25T00:00:00Z","Masaru Yokoyama; Hiromi Mori; Hironori Sato","Pathogen Genomics Center, National Institute of Infectious Diseases, Musashi Murayama-shi, Tokyo, Japan","Conceived and designed the experiments: MY HS. Performed the experiments: MY HM. Analyzed the data: MY. Wrote the paper: MY HS.","The authors have declared that no competing interests exist."
"10.1371/journal.pone.0008866","plos one","2010-01-25T00:00:00Z","Veronica Ulici; Claudine G James; Katie D Hoenselaar; Frank Beier","CIHR Group in Skeletal Development and Remodeling, Department of Physiology and Pharmacology, University of Western Ontario, London, Ontario, Canada","Conceived and designed the experiments: VU FB. Performed the experiments: VU KDH. Analyzed the data: VU CGJ. Wrote the paper: VU FB.","The authors have declared that no competing interests exist."
"10.1371/journal.pone.0008865","plos one","2010-01-25T00:00:00Z","Manuela Fumagalli; Maurizio Vergari; Patrizio Pasqualetti; Sara Marceglia; Francesca Mameli; Roberta Ferrucci; Simona Mrakic-Sposta; Stefano Zago; Giuseppe Sartori; Gabriella Pravettoni; Sergio Barbieri; Stefano Cappa; Alberto Priori","Dipartimento di Scienze Neurologiche, Università di Milano, Milano, Italy; Centro Clinico per le Neuronanotecnologie e la Neurostimolazione, Fondazione IRCCS Cà Granda - Ospedale Maggiore Policlinico, Milano, Italy; Unità Operativa di Neurofisiopatologia Clinica, Fondazione IRCCS Cà Granda - Ospedale Maggiore Policlinico, Milano, Italy; Unità Operativa di Neurologia, Fondazione IRCCS Cà Granda - Ospedale Maggiore Policlinico, Milano, Italy; Associazione Fatebenefratelli per la Ricerca (AFaR), Ospedale “San Giovanni Calibita” Fatebenefratelli - Isola Tiberina, Roma, Italy; Dipartimento di Psicologia Generale, Università di Padova, Padova, Italy; Dipartimento di Scienze Sociali e Politiche, Università di Milano, Milano, Italy; Centro di Neuroscienze Cognitive, Università Vita-Salute San Raffaele, Milano, Italy; Dipartimento di Neuroscienze, Istituto Scientifico San Raffaele, Milano, Italy","Conceived and designed the experiments: MF FM RF SZ GS SC AP. Performed the experiments: MF MV FM RF SMS. Analyzed the data: PP SM AP. Wrote the paper: MF PP SM SZ GS GP SB SC AP.","The authors have declared that no competing interests exist."
"10.1371/journal.pone.0008864","plos one","2010-01-28T00:00:00Z","Ryan Tasseff; Satyaprakash Nayak; Saniya Salim; Poorvi Kaushik; Noreen Rizvi; Jeffrey D Varner","School of Chemical and Biomolecular Engineering, Cornell University, Ithaca, New York, United States of America; School of Biomedical Engineering, Cornell University, Ithaca, New York, United States of America","Conceived and designed the experiments: RAT JDV. Performed the experiments: RAT SN SS PK NR. Analyzed the data: RAT SN SS PK NR. Contributed reagents/materials/analysis tools: SN. Wrote the paper: RAT JDV. Assisted in writing paper and oversaw the experimental designs: JDV.","The authors have declared that no competing interests exist."
"10.1371/journal.pone.0008863","plos one","2010-01-25T00:00:00Z","Shaohui Liu; Jinfang Ma; Wei Wang; Maoxiang Zhang; Qingting Xin; Siman Peng; Rongxiu Li; Huanzhang Zhu","State Key Laboratory of Genetic Engineering, Institute of Genetics, School of Life Sciences, Fudan University, Shanghai, China; MOE Key Laboratory of Microbial Metabolism, and School of Life Science and Biotechnology, Shanghai Jiao Tong University, Shanghai, China","Conceived and designed the experiments: HZ. Performed the experiments: HZ SL JM WW MZ QX SP. Analyzed the data: HZ SL WW MZ RL. Contributed reagents/materials/analysis tools: RL. Wrote the paper: HZ.","The authors have declared that no competing interests exist."
"10.1371/journal.pone.0008862","plos one","2010-01-25T00:00:00Z","Carine Marinach-Patrice; Arnaud Fekkar; Ralitsa Atanasova; Johanna Gomes; Laura Djamdjian; Jean-Yves Brossas; Isabelle Meyer; Pierre Buffet; Georges Snounou; Annick Datry; Christophe Hennequin; Jean-Louis Golmard; Dominique Mazier","INSERM, U945, Paris, France; Université Pierre et Marie Curie-Paris6, UMR S945, Paris, France; AP-HP, Groupe hospitalier Pitié-Salpêtrière, Service Parasitologie-Mycologie, Paris, France; Centre d'investigation Biomédical, Groupe hospitalier Pitié-Salpêtrière, Paris, France; Laboratory of Molecular and Cellular Parasitology, Department of Microbiology, Faculty of Medicine, National University of Singapore, Singapore, Singapore; AP-HP, Hôpital St Antoine, Service Parasitologie-Mycologie, Paris, France; Université Pierre et Marie Curie-Paris6, ER4/EA 3974, Modélisation en Recherche Clinique, Paris, France","Conceived and designed the experiments: CMP AD CH DM. Performed the experiments: CMP RA JG LD IM. Analyzed the data: CMP AF JG LD JYB PB GS CH JLG DM. Contributed reagents/materials/analysis tools: JYB AD JLG. Wrote the paper: CMP AF GS CH JLG DM.","The authors have declared that no competing interests exist."
"10.1371/journal.pone.0008861","plos one","2010-01-28T00:00:00Z","Christian Rödelsperger; Christoph Dieterich","Institute for Medical Genetics, Charité-Universitätsmedizin, Berlin, Germany; Max Planck Institute for Molecular Genetics, Berlin, Germany; Bioinformatics in Quantitative Biology, Berlin Institute for Medical Systems Biology, Berlin, Germany","Conceived and designed the experiments: CD. Performed the experiments: CR. Analyzed the data: CR. Wrote the paper: CR CD.","The authors have declared that no competing interests exist."
"10.1371/journal.pone.0008860","plos one","2010-01-26T00:00:00Z","Zijun Xiao; Chuanjuan Lv; Chao Gao; Jiayang Qin; Cuiqing Ma; Zhen Liu; Peihai Liu; Lixiang Li; Ping Xu","State Key Laboratory of Microbial Technology, Shandong University, Jinan, People's Republic of China; MOE Key Laboratory of Microbial Metabolism and School of Life Sciences and Biotechnology, Shanghai Jiao Tong University, Shanghai, People's Republic of China","Conceived and designed the experiments: ZX CL CG CM PX. Performed the experiments: CL CG ZL PL. Analyzed the data: ZX CL CG JQ CM LL PX. Contributed reagents/materials/analysis tools: JQ CM PX. Wrote the paper: CL CG PX.","The authors have declared that no competing interests exist."
"10.1371/journal.pone.0008859","plos one","2010-01-25T00:00:00Z","Jason P Holland; Eloisi Caldas-Lopes; Vadim Divilov; Valerie A Longo; Tony Taldone; Danuta Zatorska; Gabriela Chiosis; Jason S Lewis","Radiochemistry Service, Department of Radiology, Memorial Sloan-Kettering Cancer Center, Sloan-Kettering Cancer Center, New York, New York, United States of America; Program in Molecular Pharmacology and Chemistry, Sloan Kettering Institute, Memorial Sloan-Kettering Cancer Center, New York, New York, United States of America; Small-Animal Imaging Core Facility, Memorial Sloan-Kettering Cancer Center, New York, New York, United States of America","Conceived and designed the experiments: JPH ECL GC JSL. Performed the experiments: JPH ECL VD VAL TT DZ. Analyzed the data: JPH ECL VD VAL GC JSL. Contributed reagents/materials/analysis tools: JPH TT DZ GC. Wrote the paper: JPH GC JSL.","The authors have declared that no competing interests exist."
"10.1371/journal.pone.0008858","plos one","2010-01-25T00:00:00Z","David Gómez-Varela; Tobias Kohl; Manuela Schmidt; María E Rubio; Hiroshi Kawabe; Ralf B Nehring; Stephan Schäfer; Walter Stühmer; Luis A Pardo","Department of Molecular Biology of Neuronal Signals, Max-Planck Institute of Experimental Medicine, Göttingen, Germany; European Neuroscience Institute, Göttingen, Germany; Department of Molecular Neurobiology, Max-Planck Institute of Experimental Medicine, Göttingen, Germany; Departments of Neuroscience and Molecular and Human Genetics, University of Texas, Houston, Texas, United States of America; Institute of Biophysics/BIOTEC, Dresden, Germany; Deutsche Forschungsgemeinschaft Research Center for Molecular Physiology of the Brain, Göttingen, Germany","Conceived and designed the experiments: DGV TK WS LAP. Performed the experiments: DGV TK MER HK. Analyzed the data: DGV TK MS MER SS. Contributed reagents/materials/analysis tools: DGV TK HK RBN SS. Wrote the paper: DGV MS WS LAP.","The authors have declared that no competing interests exist."
"10.1371/journal.pone.0008857","plos one","2010-01-25T00:00:00Z","Eriko Kage-Nakadai; Hiroyuki Kobuna; Masako Kimura; Keiko Gengyo-Ando; Takao Inoue; Hiroyuki Arai; Shohei Mitani","Department of Physiology, Tokyo Women's Medical University School of Medicine, Tokyo, Japan; Graduate School of Pharmaceutical Sciences, University of Tokyo, Tokyo, Japan; Core Research for Evolutional Science and Technology (CREST), Japan Science and Technology Agency (JST), Saitama, Japan","Conceived and designed the experiments: EKN TI HA SM. Performed the experiments: EKN HK MK. Contributed reagents/materials/analysis tools: KGA. Wrote the paper: EKN.","The authors have declared that no competing interests exist."
"10.1371/journal.pone.0008856","plos one","2010-01-25T00:00:00Z","Filip Simunovic; Ming Yi; Yulei Wang; Robert Stephens; Kai C Sonntag","Department of Psychiatry, McLean Hospital, Harvard Medical School, Belmont, Massachusetts, United States of America; Bioinformatics Support Group, Advanced Biomedical Computing Center, NCI-Frederick, Frederick, Maryland, United States of America; Applied Biosystems, Foster City, California, United States of America","Conceived and designed the experiments: FS MY YW RS KCS. Performed the experiments: FS MY YW RS KCS. Analyzed the data: FS MY YW RS KCS. Contributed reagents/materials/analysis tools: FS MY YW RS KCS. Wrote the paper: FS MY RS KCS.","The authors have declared that no competing interests exist."
"10.1371/journal.pone.0008855","plos one","2010-01-25T00:00:00Z","Osigwe Esue; Laura Rupprecht; Sean X Sun; Denis Wirtz","Department of Pharmaceutical Development, Genentech, South San Francisco, California, United States of America; Department of Chemical and Biomolecular Engineering and Physical Science Oncology Center, The Johns Hopkins University, Baltimore, Maryland, United States of America; Department of Biomedical Engineering, Boston University, Boston, Massachusetts, United States of America; Department of Mechanical Engineering, The Johns Hopkins University, Baltimore, Maryland, United States of America","Conceived and designed the experiments: OE DW. Performed the experiments: OE LR. Analyzed the data: OE LR SXS DW. Contributed reagents/materials/analysis tools: OE DW. Wrote the paper: OE SXS DW.","One of the authors currently works for Genentech; however, this work was conceived and performed at Johns Hopkins University."
"10.1371/journal.pone.0008854","plos one","2010-01-22T00:00:00Z","Rebecca Baker; Claire V Kent; Rachel A Silbermann; John A Hassell; Lawrence J T Young; Louise R Howe","Department of Cell and Developmental Biology, Weill Cornell Medical College, New York, New York, United States of America; Strang Cancer Research Laboratory, Rockefeller University, New York, New York, United States of America; Department of Biochemistry and Biomedical Sciences, McMaster University, Hamilton, Ontario, Canada; Center for Comparative Medicine, University of California Davis, Davis, California, United States of America","Conceived and designed the experiments: LRH. Performed the experiments: RB CVK RAS LRH. Analyzed the data: LJTY LRH. Contributed reagents/materials/analysis tools: JAH. Wrote the paper: LRH. Read and approved the final manuscript: RB CVK RAS JAH LJTY.","The authors have declared that no competing interests exist."
"10.1371/journal.pone.0008853","plos one","2010-01-22T00:00:00Z","Yuriy Mishchenko","Department of Statistics and Center for Theoretical Neuroscience, Columbia University, New York, New York, United States of America","Conceived and designed the experiments: YM. Performed the experiments: YM. Analyzed the data: YM. Wrote the paper: YM.","The author has declared that no competing interests exist."
"10.1371/journal.pone.0008852","plos one","2010-01-25T00:00:00Z","Jamila Khallou-Laschet; Aditi Varthaman; Giulia Fornasa; Caroline Compain; Anh-Thu Gaston; Marc Clement; Michaël Dussiot; Olivier Levillain; Stéphanie Graff-Dubois; Antonino Nicoletti; Giuseppina Caligiuri","UMRS698 INSERM, Paris, France; University Denis Diderot, Paris, France; UMR5123 University Claude Bernard Lyon 1, Villeurbanne, France; Université Pierre et Marie Curie-Paris 6, Paris, France","Conceived and designed the experiments: JKL AV AN GC. Performed the experiments: JKL AV GF CC ATG MC MD SGD. Analyzed the data: JKL AV AN GC. Contributed reagents/materials/analysis tools: OL. Wrote the paper: JKL SGD AN GC.","The authors have declared that no competing interests exist."
"10.1371/journal.pone.0008851","plos one","2010-01-22T00:00:00Z","Mojdeh Mohtashemi; L Masae Kawamura","MITRE Corporation, McLean, Virginia, United States of America; MIT Computer Science and AI Laboratory, Cambridge, Massachusetts, United States of America; Tuberculosis Control Section, San Francisco Department of Public Health, San Francisco, California, United States of America","Conceived and designed the experiments: MM. Analyzed the data: MM. Contributed reagents/materials/analysis tools: MM LMK. Wrote the paper: MM. Jointly conceived the idea: MM LMK. Helped write the paper: LMK.","The authors have declared that no competing interests exist."
"10.1371/journal.pone.0008850","plos one","2010-01-22T00:00:00Z","F Curtis Hewitt; R Jude Samulski","Gene Therapy Center, University of North Carolina at Chapel Hill, Chapel Hill, North Carolina, United States of America; Curriculum in Genetics and Molecular Biology, University of North Carolina at Chapel Hill, Chapel Hill, North Carolina, United States of America","Conceived and designed the experiments: FCH. Performed the experiments: FCH. Analyzed the data: FCH. Contributed reagents/materials/analysis tools: FCH. Wrote the paper: FCH.","The authors have declared that no competing interests exist."
"10.1371/journal.pone.0008849","plos one","2010-01-22T00:00:00Z","Siddharth P Pathi; Christine Kowalczewski; Ramya Tadipatri; Claudia Fischbach","Department of Biomedical Engineering, Cornell University, Ithaca, New York, United States of America","Conceived and designed the experiments: SPP CF. Performed the experiments: SPP CK RT CF. Analyzed the data: SPP CF. Contributed reagents/materials/analysis tools: SPP CF. Wrote the paper: SPP CF.","The authors have declared that no competing interests exist."
"10.1371/journal.pone.0008848","plos one","2010-01-22T00:00:00Z","Vera Huang; Yi Qin; Ji Wang; Xiaoling Wang; Robert F Place; Guiting Lin; Tom F Lue; Long-Cheng Li","Helen-Diller Comprehensive Cancer Center, University of California San Francisco, San Francisco, California, United States of America; Department of Urology, University of California San Francisco, San Francisco, California, United States of America","Conceived and designed the experiments: GL LCL. Performed the experiments: VH YQ JW XW RFP GL LCL. Analyzed the data: VH YQ GL LCL. Contributed reagents/materials/analysis tools: GL TFL. Wrote the paper: VH RFP TFL LCL.","The authors have declared that no competing interests exist."
"10.1371/journal.pone.0008847","plos one","2010-01-22T00:00:00Z","Lin Miao; Min Wang; Wen-Xuan Yin; Qi Yuan; Ying-Xiao Chen; Bernd Fleischmann; Jürgen Hescheler; Guangju Ji","National Laboratory of Biomacromolecules, Institute of Biophysics, Chinese Academy of Sciences, Beijing, China; Institute of Physiology, University of Bonn, Bonn, Germany; Institute of Neurophysiology, University of Cologne, Köln, Germany","Conceived and designed the experiments: BKF JH GJ. Performed the experiments: LM MW WXY QY YXC BKF. Analyzed the data: LM MW WXY. Wrote the paper: GJ.","The authors have declared that no competing interests exist."
"10.1371/journal.pone.0008846","plos one","2010-01-22T00:00:00Z","Mónica López Fanarraga; Javier Bellido; Cristina Jaén; Juan Carlos Villegas; Juan Carlos Zabala","Departamentos de Biología Molecular, Instituto de Formación e Investigación Marqués de Valdecilla Facultad de Medicina, Universidad de Cantabria, Santander, Spain; Anatomía y Biología Celular, Instituto de Formación e Investigación Marqués de Valdecilla Facultad de Medicina, Universidad de Cantabria, Santander, Spain","Conceived and designed the experiments: MLF JCZ. Performed the experiments: MLF JB CJ JCV. Contributed reagents/materials/analysis tools: JB JCV. Wrote the paper: MLF JCZ.","The authors have declared that no competing interests exist."
"10.1371/journal.pone.0008845","plos one","2010-01-28T00:00:00Z","Stuart Aitken; Marie-Cécile Robert; Ross D Alexander; Igor Goryanin; Edouard Bertrand; Jean D Beggs","Centre for Systems Biology, University of Edinburgh, Edinburgh, United Kingdom; Institut de Génétique Moléculaire de Montpellier - CNRS UMR5535, Montpellier, France; Wellcome Trust Centre for Cell Biology, University of Edinburgh, Edinburgh, United Kingdom","Conceived and designed the experiments: SA. Performed the experiments: SA MCR EB. Analyzed the data: SA. Contributed reagents/materials/analysis tools: MCR RDA IG EB JDB. Wrote the paper: SA.","The authors have declared that no competing interests exist."
"10.1371/journal.pone.0008844","plos one","2010-01-22T00:00:00Z","Sascha Pust; Anne Berit Dyve; Maria L Torgersen; Bo van Deurs; Kirsten Sandvig","Centre for Cancer Biomedicine, University of Oslo, Oslo, Norway; Department of Biochemistry, Institute for Cancer Research, The Norwegian Radium Hospital, Oslo University Hospital, Oslo, Norway; Structural Cell Biology Unit, Department of Cellular and Molecular Medicine, The Panum Institute, University of Copenhagen, Copenhagen, Denmark","Conceived and designed the experiments: SP ABD BvD KS. Performed the experiments: SP ABD MLT BvD. Analyzed the data: SP ABD BvD KS. Contributed reagents/materials/analysis tools: KS. Wrote the paper: SP KS.","The authors have declared that no competing interests exist."
"10.1371/journal.pone.0008843","plos one","2010-01-22T00:00:00Z","Lili Jing; Laura R Gordon; Elena Shtibin; Michael Granato","Department of Cell and Developmental Biology, University of Pennsylvania, Philadelphia, Pennsylvania, United States of America; Department of Biology, University of Pennsylvania, Philadelphia, Pennsylvania, United States of America","Conceived and designed the experiments: MG. Performed the experiments: LJ LRG ES. Analyzed the data: LJ LRG. Contributed reagents/materials/analysis tools: ES. Wrote the paper: LJ MG.","The authors have declared that no competing interests exist."
"10.1371/journal.pone.0008842","plos one","2010-01-22T00:00:00Z","Paul H Roy; Sasha G Tetu; André Larouche; Liam Elbourne; Simon Tremblay; Qinghu Ren; Robert Dodson; Derek Harkins; Ryan Shay; Kisha Watkins; Yasmin Mahamoud; Ian T Paulsen","Département de biochimie et de microbiologie, and Centre de recherche en infectiologie, Université Laval, Québec, Québec, Canada; Department of Chemistry and Biomolecular Sciences, Macquarie University, Sydney, New South Wales, Australia; J. Craig Venter Institute, Rockville, Maryland, United States of America","Conceived and designed the experiments: PR ITP. Performed the experiments: PR SGT AL ST RS KLW YM. Analyzed the data: PR SGT AL LDHE ST QR RJD DMH ITP. Wrote the paper: PR SGT ITP.","The authors have declared that no competing interests exist."
"10.1371/journal.pone.0008841","plos one","2010-01-22T00:00:00Z","Nicole Cadieu; Stéphane Fruchard; Jean-Claude Cadieu","UPS, Centre de Recherches sur la Cognition Animale, Université de Toulouse, Toulouse, France; CNRS, Centre de Recherches sur la Cognition Animale, Toulouse, France","Conceived and designed the experiments: NC JCC. Performed the experiments: NC SF JCC. Wrote the paper: NC JCC.","The authors have declared that no competing interests exist."
"10.1371/journal.pone.0008840","plos one","2010-01-21T00:00:00Z","Tae-Young Ha; Keun-A Chang; Jeong a Kim; Hye-Sun Kim; Seonghan Kim; Young Hae Chong; Yoo-Hun Suh","Department of Pharmacology, College of Medicine, National Creative Research Initiative Center for Alzheimer's Dementia and Neuroscience Research Institute, MRC, Seoul National University, Seoul, South Korea; Department of Microbiology, School of Medicine, Ewha Womans University, Yangcheonku, Seoul, South Korea","Conceived and designed the experiments: KAC YHS. Performed the experiments: TYH KAC JK. Analyzed the data: TYH KAC HSK SK YHC YHS. Contributed reagents/materials/analysis tools: YHS. Wrote the paper: TYH KAC HSK SK YHS.","The authors have declared that no competing interests exist."
"10.1371/journal.pone.0008839","plos one","2010-01-21T00:00:00Z","Marinus F van Batenburg; Hualing Li; J Annelies Polman; Servane Lachize; Nicole A Datson; Harmen J Bussemaker; Onno C Meijer","Bioinformatics Laboratory, Academic Medical Center, Amsterdam, The Netherlands; Department of Biological Sciences, Columbia University, New York, New York, United States of America; Division of Medical Pharmacology, Leiden/Amsterdam Center for Drug Research and Leiden University Medical Center, Amsterdam, The Netherlands; Department of Biochemistry and Molecular Biology, Life Science College of Nanjing Agriculture University, Nanjing, People's Republic of China; Department of Biochemistry and Molecular Biology, Medical College of Yangzhou University, Yangzhou, People's Republic of China; Center for Computational Biology and Bioinformatics, Columbia University Medical Center, New York, New York, United States of America","Conceived and designed the experiments: MFvB NAD HJB OCM. Performed the experiments: HL JAP SL OCM. Analyzed the data: MFvB HL HJB OCM. Contributed reagents/materials/analysis tools: MFvB HL JAP NAD. Wrote the paper: MFvB HJB OCM.","The authors have declared that no competing interests exist."
"10.1371/journal.pone.0008838","plos one","2010-01-21T00:00:00Z","Yong-Yi Shen; Jie Liu; David M Irwin; Ya-Ping Zhang","State Key Laboratory of Genetic Resources and Evolution, Kunming Institute of Zoology, The Chinese Academy of Sciences, Kunming, China; Laboratory for Conservation and Utilization of Bio-resources, Yunnan University, Kunming, China; Graduate School of the Chinese Academy of Sciences, Beijing, China; Department of Laboratory Medicine and Pathobiology, University of Toronto, Ontario, Canada; Banting and Best Diabetes Centre, University of Toronto, Ontario, Canada","Conceived and designed the experiments: YYS YPZ. Performed the experiments: YYS JL. Analyzed the data: YYS DI YPZ. Contributed reagents/materials/analysis tools: YPZ. Wrote the paper: YYS DI YPZ.","The authors have declared that no competing interests exist."
"10.1371/journal.pone.0008837","plos one","2010-01-21T00:00:00Z","Mingyu Liu; Brandon Rakowski; Edward Gershburg; Carla M Weisend; Olivier Lucas; Edward E Schmidt; William P Halford","Department of Microbiology and Immunology, Southern Illinois University School of Medicine, Springfield, Illinois, United States of America; Department of Veterinary Molecular Biology, Montana State University, Bozeman, Montana, United States of America","Conceived and designed the experiments: ML WPH. Performed the experiments: ML EG. Analyzed the data: ML EG EES WPH. Contributed reagents/materials/analysis tools: ML BR EG CMW OL EES. Wrote the paper: ML WPH.","The authors have declared that no competing interests exist."
"10.1371/journal.pone.0008836","plos one","2010-01-21T00:00:00Z","Lea H Gregersen; Anders B Jacobsen; Lisa B Frankel; Jiayu Wen; Anders Krogh; Anders H Lund","Biotech Research and Innovation Centre and Centre for Epigenetics, University of Copenhagen, Copenhagen, Denmark; The Bioinformatics Centre, Department of Biology, University of Copenhagen, Copenhagen, Denmark","Conceived and designed the experiments: LHG AK AHL. Performed the experiments: LHG AJ LBF JW. Analyzed the data: LHG AK AHL. Wrote the paper: LHG. Commented on the manuscript: AJ LBF JW AK AHL.","The authors have declared that no competing interests exist."
"10.1371/journal.pone.0008835","plos one","2010-01-21T00:00:00Z","André Schütte; Jana Hedrich; Walter Stöcker; Christoph Becker-Pauly","Institute of Zoology, Cell and Matrix Biology, Johannes Gutenberg-University, Mainz, Germany","Conceived and designed the experiments: AS CBP. Performed the experiments: AS JH. Analyzed the data: AS WS CBP. Contributed reagents/materials/analysis tools: AS WS CBP. Wrote the paper: AS CBP.","The authors have declared that no competing interests exist."
"10.1371/journal.pone.0008834","plos one","2010-01-21T00:00:00Z","Mahesh Gokara; Babu Sudhamalla; Damu G Amooru; Rajagopal Subramanyam","Department of Biochemistry, School of Life Sciences, University of Hyderabad, Hyderabad, India; Department of Chemistry, Yogi Vemana University, Kadapa, India","Conceived and designed the experiments: RS. Performed the experiments: MG BS. Analyzed the data: DGA RS. Contributed reagents/materials/analysis tools: DGA RS. Wrote the paper: MG RS.","The authors have declared that no competing interests exist."
"10.1371/journal.pone.0008833","plos one","2010-01-21T00:00:00Z","Taketoshi Kiya; Takeo Kubo","Department of Biological Sciences, Graduate School of Science, The University of Tokyo, Tokyo, Japan","Conceived and designed the experiments: TK. Performed the experiments: TK. Analyzed the data: TK. Contributed reagents/materials/analysis tools: TK. Wrote the paper: TK TK.","The authors have declared that no competing interests exist."
"10.1371/journal.pone.0008832","plos one","2010-01-21T00:00:00Z","Tomas Drgon; Ping-Wu Zhang; Catherine Johnson; Donna Walther; Judith Hess; Michelle Nino; George R Uhl","Molecular Neurobiology Branch, National Institutes of Health Intramural Research Program, National Institute on Drug Abuse, Baltimore, Maryland, United States of America","Conceived and designed the experiments: GU. Performed the experiments: TD PWZ CJ DW JH. Analyzed the data: TD CJ MN GU. Contributed reagents/materials/analysis tools: TD PWZ CJ MN. Wrote the paper: TD GU.","The authors have declared that no competing interests exist."
